{
	"BUILD_DIR" : "C:/Users/Lenovo/Desktop/Ai_Compieler/cmake-build-debug-visual-studio/Ai_Compiler_autogen",
	"CMAKE_BINARY_DIR" : "C:/Users/Lenovo/Desktop/Ai_Compieler/cmake-build-debug-visual-studio",
	"CMAKE_CURRENT_BINARY_DIR" : "C:/Users/Lenovo/Desktop/Ai_Compieler/cmake-build-debug-visual-studio",
	"CMAKE_CURRENT_SOURCE_DIR" : "C:/Users/Lenovo/Desktop/Ai_Compieler",
	"CMAKE_EXECUTABLE" : "C:/Program Files/JetBrains/CLion 2023.2.2/bin/cmake/win/x64/bin/cmake.exe",
	"CMAKE_LIST_FILES" : 
	[
		"C:/Users/Lenovo/Desktop/Ai_Compieler/CMakeLists.txt",
		"C:/Users/Lenovo/Desktop/Ai_Compieler/cmake-build-debug-visual-studio/CMakeFiles/3.26.4/CMakeSystem.cmake",
		"C:/Program Files/JetBrains/CLion 2023.2.2/bin/cmake/win/x64/share/cmake-3.26/Modules/CMakeSystemSpecificInitialize.cmake",
		"C:/Users/Lenovo/Desktop/Ai_Compieler/cmake-build-debug-visual-studio/CMakeFiles/3.26.4/CMakeCXXCompiler.cmake",
		"C:/Users/Lenovo/Desktop/Ai_Compieler/cmake-build-debug-visual-studio/CMakeFiles/3.26.4/CMakeCUDACompiler.cmake",
		"C:/Program Files/JetBrains/CLion 2023.2.2/bin/cmake/win/x64/share/cmake-3.26/Modules/CMakeSystemSpecificInformation.cmake",
		"C:/Program Files/JetBrains/CLion 2023.2.2/bin/cmake/win/x64/share/cmake-3.26/Modules/CMakeGenericSystem.cmake",
		"C:/Program Files/JetBrains/CLion 2023.2.2/bin/cmake/win/x64/share/cmake-3.26/Modules/CMakeInitializeConfigs.cmake",
		"C:/Program Files/JetBrains/CLion 2023.2.2/bin/cmake/win/x64/share/cmake-3.26/Modules/Platform/Windows.cmake",
		"C:/Program Files/JetBrains/CLion 2023.2.2/bin/cmake/win/x64/share/cmake-3.26/Modules/Platform/WindowsPaths.cmake",
		"C:/Program Files/JetBrains/CLion 2023.2.2/bin/cmake/win/x64/share/cmake-3.26/Modules/CMakeCXXInformation.cmake",
		"C:/Program Files/JetBrains/CLion 2023.2.2/bin/cmake/win/x64/share/cmake-3.26/Modules/CMakeLanguageInformation.cmake",
		"C:/Program Files/JetBrains/CLion 2023.2.2/bin/cmake/win/x64/share/cmake-3.26/Modules/Compiler/MSVC-CXX.cmake",
		"C:/Program Files/JetBrains/CLion 2023.2.2/bin/cmake/win/x64/share/cmake-3.26/Modules/Compiler/MSVC.cmake",
		"C:/Program Files/JetBrains/CLion 2023.2.2/bin/cmake/win/x64/share/cmake-3.26/Modules/Compiler/CMakeCommonCompilerMacros.cmake",
		"C:/Program Files/JetBrains/CLion 2023.2.2/bin/cmake/win/x64/share/cmake-3.26/Modules/Platform/Windows-MSVC-CXX.cmake",
		"C:/Program Files/JetBrains/CLion 2023.2.2/bin/cmake/win/x64/share/cmake-3.26/Modules/Platform/Windows-MSVC.cmake",
		"C:/Users/Lenovo/Desktop/Ai_Compieler/cmake-build-debug-visual-studio/CMakeFiles/3.26.4/CMakeRCCompiler.cmake",
		"C:/Program Files/JetBrains/CLion 2023.2.2/bin/cmake/win/x64/share/cmake-3.26/Modules/CMakeRCInformation.cmake",
		"C:/Program Files/JetBrains/CLion 2023.2.2/bin/cmake/win/x64/share/cmake-3.26/Modules/CMakeCommonLanguageInclude.cmake",
		"C:/Program Files/JetBrains/CLion 2023.2.2/bin/cmake/win/x64/share/cmake-3.26/Modules/CMakeCUDAInformation.cmake",
		"C:/Program Files/JetBrains/CLion 2023.2.2/bin/cmake/win/x64/share/cmake-3.26/Modules/Compiler/NVIDIA-CUDA.cmake",
		"C:/Program Files/JetBrains/CLion 2023.2.2/bin/cmake/win/x64/share/cmake-3.26/Modules/Compiler/CMakeCommonCompilerMacros.cmake",
		"C:/Program Files/JetBrains/CLion 2023.2.2/bin/cmake/win/x64/share/cmake-3.26/Modules/Platform/Windows-NVIDIA-CUDA.cmake",
		"C:/Program Files/JetBrains/CLion 2023.2.2/bin/cmake/win/x64/share/cmake-3.26/Modules/Platform/Windows-MSVC.cmake",
		"C:/Program Files/JetBrains/CLion 2023.2.2/bin/cmake/win/x64/share/cmake-3.26/Modules/CMakeCommonLanguageInclude.cmake",
		"C:/Qt/6.7.2/mingw_64/lib/cmake/Qt6/Qt6ConfigVersion.cmake",
		"C:/Qt/6.7.2/mingw_64/lib/cmake/Qt6/Qt6ConfigVersionImpl.cmake",
		"C:/Qt/6.7.2/mingw_64/lib/cmake/Qt6/Qt6Config.cmake",
		"C:/Qt/6.7.2/mingw_64/lib/cmake/Qt6/Qt6ConfigExtras.cmake",
		"C:/Qt/6.7.2/mingw_64/lib/cmake/Qt6/QtPublicCMakeVersionHelpers.cmake",
		"C:/Qt/6.7.2/mingw_64/lib/cmake/Qt6/Qt6Targets.cmake",
		"C:/Qt/6.7.2/mingw_64/lib/cmake/Qt6/Qt6VersionlessTargets.cmake",
		"C:/Qt/6.7.2/mingw_64/lib/cmake/Qt6/QtFeature.cmake",
		"C:/Program Files/JetBrains/CLion 2023.2.2/bin/cmake/win/x64/share/cmake-3.26/Modules/CheckCXXCompilerFlag.cmake",
		"C:/Program Files/JetBrains/CLion 2023.2.2/bin/cmake/win/x64/share/cmake-3.26/Modules/CheckCXXSourceCompiles.cmake",
		"C:/Program Files/JetBrains/CLion 2023.2.2/bin/cmake/win/x64/share/cmake-3.26/Modules/Internal/CheckSourceCompiles.cmake",
		"C:/Program Files/JetBrains/CLion 2023.2.2/bin/cmake/win/x64/share/cmake-3.26/Modules/Internal/CheckCompilerFlag.cmake",
		"C:/Program Files/JetBrains/CLion 2023.2.2/bin/cmake/win/x64/share/cmake-3.26/Modules/Internal/CheckFlagCommonConfig.cmake",
		"C:/Program Files/JetBrains/CLion 2023.2.2/bin/cmake/win/x64/share/cmake-3.26/Modules/Internal/CheckSourceCompiles.cmake",
		"C:/Program Files/JetBrains/CLion 2023.2.2/bin/cmake/win/x64/share/cmake-3.26/Modules/CMakeCheckCompilerFlagCommonPatterns.cmake",
		"C:/Qt/6.7.2/mingw_64/lib/cmake/Qt6/QtFeatureCommon.cmake",
		"C:/Qt/6.7.2/mingw_64/lib/cmake/Qt6/QtPublicAppleHelpers.cmake",
		"C:/Qt/6.7.2/mingw_64/lib/cmake/Qt6/QtPublicCMakeHelpers.cmake",
		"C:/Qt/6.7.2/mingw_64/lib/cmake/Qt6/QtPublicCMakeVersionHelpers.cmake",
		"C:/Qt/6.7.2/mingw_64/lib/cmake/Qt6/QtPublicDependencyHelpers.cmake",
		"C:/Qt/6.7.2/mingw_64/lib/cmake/Qt6/QtPublicExternalProjectHelpers.cmake",
		"C:/Qt/6.7.2/mingw_64/lib/cmake/Qt6/QtPublicFinalizerHelpers.cmake",
		"C:/Qt/6.7.2/mingw_64/lib/cmake/Qt6/QtPublicFindPackageHelpers.cmake",
		"C:/Qt/6.7.2/mingw_64/lib/cmake/Qt6/QtPublicPluginHelpers.cmake",
		"C:/Qt/6.7.2/mingw_64/lib/cmake/Qt6/QtPublicTargetHelpers.cmake",
		"C:/Qt/6.7.2/mingw_64/lib/cmake/Qt6/QtPublicTestHelpers.cmake",
		"C:/Qt/6.7.2/mingw_64/lib/cmake/Qt6/QtPublicToolHelpers.cmake",
		"C:/Qt/6.7.2/mingw_64/lib/cmake/Qt6/QtPublicWalkLibsHelpers.cmake",
		"C:/Program Files/JetBrains/CLion 2023.2.2/bin/cmake/win/x64/share/cmake-3.26/Modules/CMakeFindDependencyMacro.cmake",
		"C:/Qt/6.7.2/mingw_64/lib/cmake/Qt6/Qt6Dependencies.cmake",
		"C:/Program Files/JetBrains/CLion 2023.2.2/bin/cmake/win/x64/share/cmake-3.26/Modules/FindThreads.cmake",
		"C:/Program Files/JetBrains/CLion 2023.2.2/bin/cmake/win/x64/share/cmake-3.26/Modules/CheckLibraryExists.cmake",
		"C:/Program Files/JetBrains/CLion 2023.2.2/bin/cmake/win/x64/share/cmake-3.26/Modules/CheckIncludeFileCXX.cmake",
		"C:/Program Files/JetBrains/CLion 2023.2.2/bin/cmake/win/x64/share/cmake-3.26/Modules/CheckCXXSourceCompiles.cmake",
		"C:/Program Files/JetBrains/CLion 2023.2.2/bin/cmake/win/x64/share/cmake-3.26/Modules/FindPackageHandleStandardArgs.cmake",
		"C:/Program Files/JetBrains/CLion 2023.2.2/bin/cmake/win/x64/share/cmake-3.26/Modules/FindPackageMessage.cmake",
		"C:/Qt/6.7.2/mingw_64/lib/cmake/Qt6Core/Qt6CoreConfigVersion.cmake",
		"C:/Qt/6.7.2/mingw_64/lib/cmake/Qt6Core/Qt6CoreConfigVersionImpl.cmake",
		"C:/Qt/6.7.2/mingw_64/lib/cmake/Qt6Core/Qt6CoreConfig.cmake",
		"C:/Program Files/JetBrains/CLion 2023.2.2/bin/cmake/win/x64/share/cmake-3.26/Modules/CMakeFindDependencyMacro.cmake",
		"C:/Qt/6.7.2/mingw_64/lib/cmake/Qt6Core/Qt6CoreDependencies.cmake",
		"C:/Qt/6.7.2/mingw_64/lib/cmake/Qt6/FindWrapAtomic.cmake",
		"C:/Program Files/JetBrains/CLion 2023.2.2/bin/cmake/win/x64/share/cmake-3.26/Modules/CheckCXXSourceCompiles.cmake",
		"C:/Program Files/JetBrains/CLion 2023.2.2/bin/cmake/win/x64/share/cmake-3.26/Modules/FindPackageHandleStandardArgs.cmake",
		"C:/Program Files/JetBrains/CLion 2023.2.2/bin/cmake/win/x64/share/cmake-3.26/Modules/FindPackageMessage.cmake",
		"C:/Qt/6.7.2/mingw_64/lib/cmake/Qt6CoreTools/Qt6CoreToolsConfigVersion.cmake",
		"C:/Qt/6.7.2/mingw_64/lib/cmake/Qt6CoreTools/Qt6CoreToolsConfigVersionImpl.cmake",
		"C:/Qt/6.7.2/mingw_64/lib/cmake/Qt6CoreTools/Qt6CoreToolsConfig.cmake",
		"C:/Program Files/JetBrains/CLion 2023.2.2/bin/cmake/win/x64/share/cmake-3.26/Modules/CMakeFindDependencyMacro.cmake",
		"C:/Qt/6.7.2/mingw_64/lib/cmake/Qt6CoreTools/Qt6CoreToolsDependencies.cmake",
		"C:/Qt/6.7.2/mingw_64/lib/cmake/Qt6CoreTools/Qt6CoreToolsTargets.cmake",
		"C:/Qt/6.7.2/mingw_64/lib/cmake/Qt6CoreTools/Qt6CoreToolsTargets-relwithdebinfo.cmake",
		"C:/Qt/6.7.2/mingw_64/lib/cmake/Qt6CoreTools/Qt6CoreToolsAdditionalTargetInfo.cmake",
		"C:/Qt/6.7.2/mingw_64/lib/cmake/Qt6CoreTools/Qt6CoreToolsVersionlessTargets.cmake",
		"C:/Qt/6.7.2/mingw_64/lib/cmake/Qt6ZlibPrivate/Qt6ZlibPrivateConfigVersion.cmake",
		"C:/Qt/6.7.2/mingw_64/lib/cmake/Qt6ZlibPrivate/Qt6ZlibPrivateConfigVersionImpl.cmake",
		"C:/Qt/6.7.2/mingw_64/lib/cmake/Qt6ZlibPrivate/Qt6ZlibPrivateConfig.cmake",
		"C:/Program Files/JetBrains/CLion 2023.2.2/bin/cmake/win/x64/share/cmake-3.26/Modules/CMakeFindDependencyMacro.cmake",
		"C:/Qt/6.7.2/mingw_64/lib/cmake/Qt6ZlibPrivate/Qt6ZlibPrivateTargets.cmake",
		"C:/Qt/6.7.2/mingw_64/lib/cmake/Qt6ZlibPrivate/Qt6ZlibPrivateAdditionalTargetInfo.cmake",
		"C:/Qt/6.7.2/mingw_64/lib/cmake/Qt6ZlibPrivate/Qt6ZlibPrivateVersionlessTargets.cmake",
		"C:/Qt/6.7.2/mingw_64/lib/cmake/Qt6EntryPointPrivate/Qt6EntryPointPrivateConfigVersion.cmake",
		"C:/Qt/6.7.2/mingw_64/lib/cmake/Qt6EntryPointPrivate/Qt6EntryPointPrivateConfigVersionImpl.cmake",
		"C:/Qt/6.7.2/mingw_64/lib/cmake/Qt6EntryPointPrivate/Qt6EntryPointPrivateConfig.cmake",
		"C:/Program Files/JetBrains/CLion 2023.2.2/bin/cmake/win/x64/share/cmake-3.26/Modules/CMakeFindDependencyMacro.cmake",
		"C:/Qt/6.7.2/mingw_64/lib/cmake/Qt6EntryPointPrivate/Qt6EntryPointPrivateTargets.cmake",
		"C:/Qt/6.7.2/mingw_64/lib/cmake/Qt6EntryPointPrivate/Qt6EntryPointPrivateTargets-relwithdebinfo.cmake",
		"C:/Qt/6.7.2/mingw_64/lib/cmake/Qt6EntryPointPrivate/Qt6EntryPointPrivateAdditionalTargetInfo.cmake",
		"C:/Qt/6.7.2/mingw_64/lib/cmake/Qt6EntryPointPrivate/Qt6EntryPointPrivateVersionlessTargets.cmake",
		"C:/Qt/6.7.2/mingw_64/lib/cmake/Qt6EntryPointPrivate/Qt6EntryPointMinGW32Target.cmake",
		"C:/Qt/6.7.2/mingw_64/lib/cmake/Qt6Core/Qt6CoreTargets.cmake",
		"C:/Qt/6.7.2/mingw_64/lib/cmake/Qt6Core/Qt6CoreTargets-relwithdebinfo.cmake",
		"C:/Qt/6.7.2/mingw_64/lib/cmake/Qt6Core/Qt6CoreAdditionalTargetInfo.cmake",
		"C:/Qt/6.7.2/mingw_64/lib/cmake/Qt6Core/Qt6CoreVersionlessTargets.cmake",
		"C:/Qt/6.7.2/mingw_64/lib/cmake/Qt6Core/Qt6CoreMacros.cmake",
		"C:/Qt/6.7.2/mingw_64/lib/cmake/Qt6Core/Qt6CoreConfigExtras.cmake",
		"C:/Qt/6.7.2/mingw_64/lib/cmake/Qt6Core/QtInstallPaths.cmake",
		"C:/Program Files/JetBrains/CLion 2023.2.2/bin/cmake/win/x64/share/cmake-3.26/Modules/GNUInstallDirs.cmake",
		"C:/Qt/6.7.2/mingw_64/lib/cmake/Qt6Gui/Qt6GuiConfigVersion.cmake",
		"C:/Qt/6.7.2/mingw_64/lib/cmake/Qt6Gui/Qt6GuiConfigVersionImpl.cmake",
		"C:/Qt/6.7.2/mingw_64/lib/cmake/Qt6Gui/Qt6GuiConfig.cmake",
		"C:/Program Files/JetBrains/CLion 2023.2.2/bin/cmake/win/x64/share/cmake-3.26/Modules/CMakeFindDependencyMacro.cmake",
		"C:/Qt/6.7.2/mingw_64/lib/cmake/Qt6Gui/Qt6GuiDependencies.cmake",
		"C:/Qt/6.7.2/mingw_64/lib/cmake/Qt6/FindWrapVulkanHeaders.cmake",
		"C:/Program Files/JetBrains/CLion 2023.2.2/bin/cmake/win/x64/share/cmake-3.26/Modules/FindVulkan.cmake",
		"C:/Program Files/JetBrains/CLion 2023.2.2/bin/cmake/win/x64/share/cmake-3.26/Modules/FindPackageHandleStandardArgs.cmake",
		"C:/Program Files/JetBrains/CLion 2023.2.2/bin/cmake/win/x64/share/cmake-3.26/Modules/FindPackageMessage.cmake",
		"C:/Program Files/JetBrains/CLion 2023.2.2/bin/cmake/win/x64/share/cmake-3.26/Modules/FindPackageHandleStandardArgs.cmake",
		"C:/Program Files/JetBrains/CLion 2023.2.2/bin/cmake/win/x64/share/cmake-3.26/Modules/FindPackageMessage.cmake",
		"C:/Qt/6.7.2/mingw_64/lib/cmake/Qt6GuiTools/Qt6GuiToolsConfigVersion.cmake",
		"C:/Qt/6.7.2/mingw_64/lib/cmake/Qt6GuiTools/Qt6GuiToolsConfigVersionImpl.cmake",
		"C:/Qt/6.7.2/mingw_64/lib/cmake/Qt6GuiTools/Qt6GuiToolsConfig.cmake",
		"C:/Program Files/JetBrains/CLion 2023.2.2/bin/cmake/win/x64/share/cmake-3.26/Modules/CMakeFindDependencyMacro.cmake",
		"C:/Qt/6.7.2/mingw_64/lib/cmake/Qt6GuiTools/Qt6GuiToolsDependencies.cmake",
		"C:/Qt/6.7.2/mingw_64/lib/cmake/Qt6GuiTools/Qt6GuiToolsTargets.cmake",
		"C:/Qt/6.7.2/mingw_64/lib/cmake/Qt6GuiTools/Qt6GuiToolsTargets-relwithdebinfo.cmake",
		"C:/Qt/6.7.2/mingw_64/lib/cmake/Qt6GuiTools/Qt6GuiToolsAdditionalTargetInfo.cmake",
		"C:/Qt/6.7.2/mingw_64/lib/cmake/Qt6GuiTools/Qt6GuiToolsVersionlessTargets.cmake",
		"C:/Qt/6.7.2/mingw_64/lib/cmake/Qt6Gui/Qt6GuiTargets.cmake",
		"C:/Qt/6.7.2/mingw_64/lib/cmake/Qt6Gui/Qt6GuiTargets-relwithdebinfo.cmake",
		"C:/Qt/6.7.2/mingw_64/lib/cmake/Qt6Gui/Qt6GuiAdditionalTargetInfo.cmake",
		"C:/Qt/6.7.2/mingw_64/lib/cmake/Qt6Gui/Qt6GuiVersionlessTargets.cmake",
		"C:/Qt/6.7.2/mingw_64/lib/cmake/Qt6Gui/Qt6GuiPlugins.cmake",
		"C:/Qt/6.7.2/mingw_64/lib/cmake/Qt6Gui/Qt6QGifPluginConfig.cmake",
		"C:/Program Files/JetBrains/CLion 2023.2.2/bin/cmake/win/x64/share/cmake-3.26/Modules/CMakeFindDependencyMacro.cmake",
		"C:/Qt/6.7.2/mingw_64/lib/cmake/Qt6Gui/Qt6QGifPluginTargets.cmake",
		"C:/Qt/6.7.2/mingw_64/lib/cmake/Qt6Gui/Qt6QGifPluginTargets-relwithdebinfo.cmake",
		"C:/Qt/6.7.2/mingw_64/lib/cmake/Qt6Gui/Qt6QGifPluginAdditionalTargetInfo.cmake",
		"C:/Qt/6.7.2/mingw_64/lib/cmake/Qt6Gui/Qt6QICOPluginConfig.cmake",
		"C:/Program Files/JetBrains/CLion 2023.2.2/bin/cmake/win/x64/share/cmake-3.26/Modules/CMakeFindDependencyMacro.cmake",
		"C:/Qt/6.7.2/mingw_64/lib/cmake/Qt6Gui/Qt6QICOPluginTargets.cmake",
		"C:/Qt/6.7.2/mingw_64/lib/cmake/Qt6Gui/Qt6QICOPluginTargets-relwithdebinfo.cmake",
		"C:/Qt/6.7.2/mingw_64/lib/cmake/Qt6Gui/Qt6QICOPluginAdditionalTargetInfo.cmake",
		"C:/Qt/6.7.2/mingw_64/lib/cmake/Qt6Gui/Qt6QJpegPluginConfig.cmake",
		"C:/Program Files/JetBrains/CLion 2023.2.2/bin/cmake/win/x64/share/cmake-3.26/Modules/CMakeFindDependencyMacro.cmake",
		"C:/Qt/6.7.2/mingw_64/lib/cmake/Qt6Gui/Qt6QJpegPluginTargets.cmake",
		"C:/Qt/6.7.2/mingw_64/lib/cmake/Qt6Gui/Qt6QJpegPluginTargets-relwithdebinfo.cmake",
		"C:/Qt/6.7.2/mingw_64/lib/cmake/Qt6Gui/Qt6QJpegPluginAdditionalTargetInfo.cmake",
		"C:/Qt/6.7.2/mingw_64/lib/cmake/Qt6Gui/Qt6QMinimalIntegrationPluginConfig.cmake",
		"C:/Program Files/JetBrains/CLion 2023.2.2/bin/cmake/win/x64/share/cmake-3.26/Modules/CMakeFindDependencyMacro.cmake",
		"C:/Qt/6.7.2/mingw_64/lib/cmake/Qt6Gui/Qt6QMinimalIntegrationPluginTargets.cmake",
		"C:/Qt/6.7.2/mingw_64/lib/cmake/Qt6Gui/Qt6QMinimalIntegrationPluginTargets-relwithdebinfo.cmake",
		"C:/Qt/6.7.2/mingw_64/lib/cmake/Qt6Gui/Qt6QMinimalIntegrationPluginAdditionalTargetInfo.cmake",
		"C:/Qt/6.7.2/mingw_64/lib/cmake/Qt6Gui/Qt6QOffscreenIntegrationPluginConfig.cmake",
		"C:/Program Files/JetBrains/CLion 2023.2.2/bin/cmake/win/x64/share/cmake-3.26/Modules/CMakeFindDependencyMacro.cmake",
		"C:/Qt/6.7.2/mingw_64/lib/cmake/Qt6Gui/Qt6QOffscreenIntegrationPluginTargets.cmake",
		"C:/Qt/6.7.2/mingw_64/lib/cmake/Qt6Gui/Qt6QOffscreenIntegrationPluginTargets-relwithdebinfo.cmake",
		"C:/Qt/6.7.2/mingw_64/lib/cmake/Qt6Gui/Qt6QOffscreenIntegrationPluginAdditionalTargetInfo.cmake",
		"C:/Qt/6.7.2/mingw_64/lib/cmake/Qt6Gui/Qt6QSvgIconPluginConfig.cmake",
		"C:/Program Files/JetBrains/CLion 2023.2.2/bin/cmake/win/x64/share/cmake-3.26/Modules/CMakeFindDependencyMacro.cmake",
		"C:/Qt/6.7.2/mingw_64/lib/cmake/Qt6Gui/Qt6QSvgIconPluginTargets.cmake",
		"C:/Qt/6.7.2/mingw_64/lib/cmake/Qt6Gui/Qt6QSvgIconPluginTargets-relwithdebinfo.cmake",
		"C:/Qt/6.7.2/mingw_64/lib/cmake/Qt6Gui/Qt6QSvgIconPluginAdditionalTargetInfo.cmake",
		"C:/Qt/6.7.2/mingw_64/lib/cmake/Qt6Gui/Qt6QSvgPluginConfig.cmake",
		"C:/Program Files/JetBrains/CLion 2023.2.2/bin/cmake/win/x64/share/cmake-3.26/Modules/CMakeFindDependencyMacro.cmake",
		"C:/Qt/6.7.2/mingw_64/lib/cmake/Qt6Gui/Qt6QSvgPluginTargets.cmake",
		"C:/Qt/6.7.2/mingw_64/lib/cmake/Qt6Gui/Qt6QSvgPluginTargets-relwithdebinfo.cmake",
		"C:/Qt/6.7.2/mingw_64/lib/cmake/Qt6Gui/Qt6QSvgPluginAdditionalTargetInfo.cmake",
		"C:/Qt/6.7.2/mingw_64/lib/cmake/Qt6Gui/Qt6QTuioTouchPluginConfig.cmake",
		"C:/Program Files/JetBrains/CLion 2023.2.2/bin/cmake/win/x64/share/cmake-3.26/Modules/CMakeFindDependencyMacro.cmake",
		"C:/Qt/6.7.2/mingw_64/lib/cmake/Qt6Gui/Qt6QTuioTouchPluginTargets.cmake",
		"C:/Qt/6.7.2/mingw_64/lib/cmake/Qt6Gui/Qt6QTuioTouchPluginTargets-relwithdebinfo.cmake",
		"C:/Qt/6.7.2/mingw_64/lib/cmake/Qt6Gui/Qt6QTuioTouchPluginAdditionalTargetInfo.cmake",
		"C:/Qt/6.7.2/mingw_64/lib/cmake/Qt6Gui/Qt6QWindowsDirect2DIntegrationPluginConfig.cmake",
		"C:/Program Files/JetBrains/CLion 2023.2.2/bin/cmake/win/x64/share/cmake-3.26/Modules/CMakeFindDependencyMacro.cmake",
		"C:/Qt/6.7.2/mingw_64/lib/cmake/Qt6Gui/Qt6QWindowsDirect2DIntegrationPluginTargets.cmake",
		"C:/Qt/6.7.2/mingw_64/lib/cmake/Qt6Gui/Qt6QWindowsDirect2DIntegrationPluginTargets-relwithdebinfo.cmake",
		"C:/Qt/6.7.2/mingw_64/lib/cmake/Qt6Gui/Qt6QWindowsDirect2DIntegrationPluginAdditionalTargetInfo.cmake",
		"C:/Qt/6.7.2/mingw_64/lib/cmake/Qt6Gui/Qt6QWindowsIntegrationPluginConfig.cmake",
		"C:/Program Files/JetBrains/CLion 2023.2.2/bin/cmake/win/x64/share/cmake-3.26/Modules/CMakeFindDependencyMacro.cmake",
		"C:/Qt/6.7.2/mingw_64/lib/cmake/Qt6Gui/Qt6QWindowsIntegrationPluginTargets.cmake",
		"C:/Qt/6.7.2/mingw_64/lib/cmake/Qt6Gui/Qt6QWindowsIntegrationPluginTargets-relwithdebinfo.cmake",
		"C:/Qt/6.7.2/mingw_64/lib/cmake/Qt6Gui/Qt6QWindowsIntegrationPluginAdditionalTargetInfo.cmake",
		"C:/Qt/6.7.2/mingw_64/lib/cmake/Qt6Widgets/Qt6WidgetsConfigVersion.cmake",
		"C:/Qt/6.7.2/mingw_64/lib/cmake/Qt6Widgets/Qt6WidgetsConfigVersionImpl.cmake",
		"C:/Qt/6.7.2/mingw_64/lib/cmake/Qt6Widgets/Qt6WidgetsConfig.cmake",
		"C:/Program Files/JetBrains/CLion 2023.2.2/bin/cmake/win/x64/share/cmake-3.26/Modules/CMakeFindDependencyMacro.cmake",
		"C:/Qt/6.7.2/mingw_64/lib/cmake/Qt6Widgets/Qt6WidgetsDependencies.cmake",
		"C:/Qt/6.7.2/mingw_64/lib/cmake/Qt6WidgetsTools/Qt6WidgetsToolsConfigVersion.cmake",
		"C:/Qt/6.7.2/mingw_64/lib/cmake/Qt6WidgetsTools/Qt6WidgetsToolsConfigVersionImpl.cmake",
		"C:/Qt/6.7.2/mingw_64/lib/cmake/Qt6WidgetsTools/Qt6WidgetsToolsConfig.cmake",
		"C:/Program Files/JetBrains/CLion 2023.2.2/bin/cmake/win/x64/share/cmake-3.26/Modules/CMakeFindDependencyMacro.cmake",
		"C:/Qt/6.7.2/mingw_64/lib/cmake/Qt6WidgetsTools/Qt6WidgetsToolsDependencies.cmake",
		"C:/Qt/6.7.2/mingw_64/lib/cmake/Qt6WidgetsTools/Qt6WidgetsToolsTargets.cmake",
		"C:/Qt/6.7.2/mingw_64/lib/cmake/Qt6WidgetsTools/Qt6WidgetsToolsTargets-relwithdebinfo.cmake",
		"C:/Qt/6.7.2/mingw_64/lib/cmake/Qt6WidgetsTools/Qt6WidgetsToolsAdditionalTargetInfo.cmake",
		"C:/Qt/6.7.2/mingw_64/lib/cmake/Qt6WidgetsTools/Qt6WidgetsToolsVersionlessTargets.cmake",
		"C:/Qt/6.7.2/mingw_64/lib/cmake/Qt6Widgets/Qt6WidgetsTargets.cmake",
		"C:/Qt/6.7.2/mingw_64/lib/cmake/Qt6Widgets/Qt6WidgetsTargets-relwithdebinfo.cmake",
		"C:/Qt/6.7.2/mingw_64/lib/cmake/Qt6Widgets/Qt6WidgetsAdditionalTargetInfo.cmake",
		"C:/Qt/6.7.2/mingw_64/lib/cmake/Qt6Widgets/Qt6WidgetsVersionlessTargets.cmake",
		"C:/Qt/6.7.2/mingw_64/lib/cmake/Qt6Widgets/Qt6WidgetsMacros.cmake",
		"C:/Qt/6.7.2/mingw_64/lib/cmake/Qt6Widgets/Qt6WidgetsPlugins.cmake",
		"C:/Qt/6.7.2/mingw_64/lib/cmake/Qt6Widgets/Qt6QModernWindowsStylePluginConfig.cmake",
		"C:/Program Files/JetBrains/CLion 2023.2.2/bin/cmake/win/x64/share/cmake-3.26/Modules/CMakeFindDependencyMacro.cmake",
		"C:/Qt/6.7.2/mingw_64/lib/cmake/Qt6Widgets/Qt6QModernWindowsStylePluginTargets.cmake",
		"C:/Qt/6.7.2/mingw_64/lib/cmake/Qt6Widgets/Qt6QModernWindowsStylePluginTargets-relwithdebinfo.cmake",
		"C:/Qt/6.7.2/mingw_64/lib/cmake/Qt6Widgets/Qt6QModernWindowsStylePluginAdditionalTargetInfo.cmake"
	],
	"CMAKE_SOURCE_DIR" : "C:/Users/Lenovo/Desktop/Ai_Compieler",
	"DEP_FILE" : "C:/Users/Lenovo/Desktop/Ai_Compieler/cmake-build-debug-visual-studio/Ai_Compiler_autogen/deps",
	"DEP_FILE_RULE_NAME" : "Ai_Compiler_autogen/timestamp",
	"HEADERS" : 
	[
		[
			"C:/Users/Lenovo/Desktop/Ai_Compieler/ai_model.h",
			"MU",
			"EWIEGA46WW/moc_ai_model.cpp",
			null
		],
		[
			"C:/Users/Lenovo/Desktop/Ai_Compieler/arrange_strings.h",
			"MU",
			"EWIEGA46WW/moc_arrange_strings.cpp",
			null
		],
		[
			"C:/Users/Lenovo/Desktop/Ai_Compieler/csv_matrix.h",
			"MU",
			"EWIEGA46WW/moc_csv_matrix.cpp",
			null
		],
		[
			"C:/Users/Lenovo/Desktop/Ai_Compieler/custom_text_edit.h",
			"MU",
			"EWIEGA46WW/moc_custom_text_edit.cpp",
			null
		],
		[
			"C:/Users/Lenovo/Desktop/Ai_Compieler/math.h",
			"MU",
			"EWIEGA46WW/moc_math.cpp",
			null
		],
		[
			"C:/Users/Lenovo/Desktop/Ai_Compieler/matrices.h",
			"MU",
			"EWIEGA46WW/moc_matrices.cpp",
			null
		],
		[
			"C:/Users/Lenovo/Desktop/Ai_Compieler/matrix.h",
			"MU",
			"EWIEGA46WW/moc_matrix.cpp",
			null
		],
		[
			"C:/Users/Lenovo/Desktop/Ai_Compieler/methods.h",
			"MU",
			"EWIEGA46WW/moc_methods.cpp",
			null
		],
		[
			"C:/Users/Lenovo/Desktop/Ai_Compieler/window.h",
			"MU",
			"EWIEGA46WW/moc_window.cpp",
			null
		]
	],
	"HEADER_EXTENSIONS" : [ "h", "hh", "h++", "hm", "hpp", "hxx", "in", "txx" ],
	"INCLUDE_DIR" : "C:/Users/Lenovo/Desktop/Ai_Compieler/cmake-build-debug-visual-studio/Ai_Compiler_autogen/include",
	"MOC_COMPILATION_FILE" : "C:/Users/Lenovo/Desktop/Ai_Compieler/cmake-build-debug-visual-studio/Ai_Compiler_autogen/mocs_compilation.cpp",
	"MOC_DEFINITIONS" : 
	[
		"MINGW_HAS_SECURE_API=1",
		"QT_CORE_LIB",
		"QT_GUI_LIB",
		"QT_WIDGETS_LIB",
		"UNICODE",
		"WIN32",
		"WIN64",
		"_ENABLE_EXTENDED_ALIGNED_STORAGE",
		"_UNICODE",
		"_WIN64"
	],
	"MOC_DEPEND_FILTERS" : 
	[
		[
			"Q_PLUGIN_METADATA",
			"[\n][ \t]*Q_PLUGIN_METADATA[ \t]*\\([^\\)]*FILE[ \t]*\"([^\"]+)\""
		]
	],
	"MOC_INCLUDES" : 
	[
		"C:/Qt/6.7.2/mingw_64/include/QtCore",
		"C:/Qt/6.7.2/mingw_64/include",
		"C:/Qt/6.7.2/mingw_64/mkspecs/win32-g++",
		"C:/Qt/6.7.2/mingw_64/include/QtGui",
		"C:/Qt/6.7.2/mingw_64/include/QtWidgets"
	],
	"MOC_MACRO_NAMES" : 
	[
		"Q_OBJECT",
		"Q_GADGET",
		"Q_NAMESPACE",
		"Q_NAMESPACE_EXPORT",
		"Q_GADGET_EXPORT",
		"Q_ENUM_NS"
	],
	"MOC_OPTIONS" : [],
	"MOC_PATH_PREFIX" : false,
	"MOC_PREDEFS_CMD" : [],
	"MOC_PREDEFS_FILE" : "",
	"MOC_RELAXED_MODE" : false,
	"MOC_SKIP" : [],
	"MULTI_CONFIG" : false,
	"PARALLEL" : 2,
	"PARSE_CACHE_FILE" : "C:/Users/Lenovo/Desktop/Ai_Compieler/cmake-build-debug-visual-studio/CMakeFiles/Ai_Compiler_autogen.dir/ParseCache.txt",
	"QT_MOC_EXECUTABLE" : "C:/Qt/6.7.2/mingw_64/./bin/moc.exe",
	"QT_UIC_EXECUTABLE" : "C:/Qt/6.7.2/mingw_64/./bin/uic.exe",
	"QT_VERSION_MAJOR" : 6,
	"QT_VERSION_MINOR" : 7,
	"SETTINGS_FILE" : "C:/Users/Lenovo/Desktop/Ai_Compieler/cmake-build-debug-visual-studio/CMakeFiles/Ai_Compiler_autogen.dir/AutogenUsed.txt",
	"SOURCES" : 
	[
		[ "C:/Users/Lenovo/Desktop/Ai_Compieler/ai_model.cpp", "MU", null ],
		[
			"C:/Users/Lenovo/Desktop/Ai_Compieler/arrange_strings.cpp",
			"MU",
			null
		],
		[ "C:/Users/Lenovo/Desktop/Ai_Compieler/csv_matrix.cpp", "MU", null ],
		[
			"C:/Users/Lenovo/Desktop/Ai_Compieler/custom_text_edit.cpp",
			"MU",
			null
		],
		[ "C:/Users/Lenovo/Desktop/Ai_Compieler/main.cpp", "MU", null ],
		[ "C:/Users/Lenovo/Desktop/Ai_Compieler/main.cu", "MU", null ],
		[ "C:/Users/Lenovo/Desktop/Ai_Compieler/math.cpp", "MU", null ],
		[ "C:/Users/Lenovo/Desktop/Ai_Compieler/matrices.cpp", "MU", null ],
		[ "C:/Users/Lenovo/Desktop/Ai_Compieler/matrix.cpp", "MU", null ],
		[ "C:/Users/Lenovo/Desktop/Ai_Compieler/methods.cpp", "MU", null ],
		[ "C:/Users/Lenovo/Desktop/Ai_Compieler/window.cpp", "MU", null ]
	],
	"UIC_OPTIONS" : [],
	"UIC_SEARCH_PATHS" : [],
	"UIC_SKIP" : [],
	"UIC_UI_FILES" : [],
	"VERBOSITY" : 0
}
